{
    "min": [
        [
            -2.568422569053646,
            "President Obama"
        ],
        [
            -2.3205918129288667,
            "WinBackYourState"
        ],
        [
            -2.2417193392444807,
            "HUDgov"
        ],
        [
            -1.804876136861537,
            "ActOnClimate"
        ],
        [
            -1.7667839358602566,
            "edreform"
        ],
        [
            -1.7171185442013366,
            "Read"
        ],
        [
            -1.714637041523086,
            "POTUS"
        ],
        [
            -1.5441927796476436,
            "housing"
        ],
        [
            -1.472416032190976,
            "DoYourJob"
        ],
        [
            -1.4113366638853622,
            "GetCovered"
        ],
        [
            -1.3774262211315444,
            "WeNeedDebate"
        ],
        [
            -1.3728581763976833,
            "state"
        ],
        [
            -1.3398600609726692,
            "conservative"
        ],
        [
            -1.3304629722385855,
            "health"
        ],
        [
            -1.3249718688596037,
            "GOPDebate"
        ],
        [
            -1.3067524931754166,
            "ll"
        ],
        [
            -1.2708749987239398,
            "climate"
        ],
        [
            -1.2597316103155412,
            "progressive"
        ],
        [
            -1.2503194511215654,
            "DemDebate"
        ],
        [
            -1.2343061980256027,
            "leadership"
        ],
        [
            -1.2154671268948933,
            "students"
        ],
        [
            -1.1984147425252492,
            "A very"
        ],
        [
            -1.1594965496880603,
            "realDonaldTrump s"
        ],
        [
            -1.159182946185111,
            "It s"
        ],
        [
            -1.1337295379858117,
            "governor"
        ],
        [
            -1.1056164763302314,
            "war"
        ],
        [
            -1.0964245123962488,
            "WATCH"
        ],
        [
            -1.0939977520478579,
            "Medicare"
        ],
        [
            -1.084712416089642,
            "DebateNight"
        ],
        [
            -1.0755516707517818,
            "education"
        ]
    ],
    "max": [
        [
            1.3855376992598272,
            "Rubio"
        ],
        [
            1.3862835227035215,
            "Join me"
        ],
        [
            1.40224563197643,
            "VOTE"
        ],
        [
            1.4311305558326528,
            "our great"
        ],
        [
            1.4426443348573603,
            "Melania"
        ],
        [
            1.4713425218526484,
            "ObamacareFail"
        ],
        [
            1.4834293377593788,
            "Enjoy"
        ],
        [
            1.4922113439291766,
            "Dems"
        ],
        [
            1.5102414632447891,
            "THE"
        ],
        [
            1.5151991791617052,
            "very"
        ],
        [
            1.5176116486421218,
            "Wow"
        ],
        [
            1.5232728231370292,
            "MOVEMENT"
        ],
        [
            1.5235800668265695,
            "Big"
        ],
        [
            1.5284783046899244,
            "Fake"
        ],
        [
            1.544299221262289,
            "AMERICA"
        ],
        [
            1.6146936534166396,
            "Media"
        ],
        [
            1.6381701959489163,
            "CNN"
        ],
        [
            1.7019477586017437,
            "foxandfriends"
        ],
        [
            1.711335006572907,
            "Border"
        ],
        [
            1.9102640932392327,
            "GREAT"
        ],
        [
            1.9154832132914525,
            "BigLeagueTruth"
        ],
        [
            1.9253173488470812,
            "AmericaFirst"
        ],
        [
            1.9741003102027206,
            "Crooked"
        ],
        [
            2.0684020805558276,
            "FoxNews"
        ],
        [
            2.076957955323631,
            "CrookedHillary"
        ],
        [
            2.102649137369961,
            "DrainTheSwamp"
        ],
        [
            2.162827434248549,
            "Cruz"
        ],
        [
            2.4505095632544323,
            "MAGA"
        ],
        [
            2.7997560100684358,
            "Trump2016"
        ],
        [
            2.801069994963086,
            "MakeAmericaGreatAgain"
        ]
    ]
}