{
    "realDonaldTrump": {
        "TOEFL": 0.36523560086579576,
        "others": 0.1591632987054124,
        "primary": 0.42646894925474693,
        "GRE": 0.049132151174044895
    },
    "SecretaryCarson": {
        "primary": 0.39439563928873833,
        "TOEFL": 0.3642305249788315,
        "others": 0.19707874682472482,
        "GRE": 0.04429508890770534
    },
    "MartinOMalley": {
        "primary": 0.4170943047026163,
        "others": 0.2314292925044166,
        "TOEFL": 0.31673256498696056,
        "GRE": 0.03474383780600656
    },
    "JebBush": {
        "primary": 0.410788898173995,
        "others": 0.2437636683676191,
        "TOEFL": 0.3048734953683125,
        "GRE": 0.04057393809007343
    },
    "BarackObama": {
        "primary": 0.43523503207719166,
        "TOEFL": 0.33033487556113583,
        "others": 0.20187131284291635,
        "GRE": 0.032558779518756124
    },
    "HillaryClinton": {
        "primary": 0.4480922220517653,
        "GRE": 0.03304915733415153,
        "TOEFL": 0.3287383023954064,
        "others": 0.19012031821867673
    },
    "BernieSanders": {
        "primary": 0.43446475195822454,
        "TOEFL": 0.3895423938436169,
        "others": 0.13772158856671704,
        "GRE": 0.03827126563144153
    }
}